second,Volt
-133.00E-06,-17.96865E-03
-132.00E-06,-12.10928E-03
-131.00E-06,-19.92178E-03
-130.00E-06,-19.92178E-03
-129.00E-06,-6.24990E-03
-128.00E-06,-17.96865E-03
-127.00E-06,-14.06240E-03
-126.00E-06,-23.82803E-03
-125.00E-06,-10.15615E-03
-124.00E-06,-17.96865E-03
-123.00E-06,-16.01553E-03
-122.00E-06,-21.87490E-03
-121.00E-06,-14.06240E-03
-120.00E-06,-16.01553E-03
-119.00E-06,-16.01553E-03
-118.00E-06,-19.92178E-03
-117.00E-06,-16.01553E-03
-116.00E-06,-16.01553E-03
-115.00E-06,-16.01553E-03
-114.00E-06,-19.92178E-03
-113.00E-06,-17.96865E-03
-112.00E-06,-14.06240E-03
-111.00E-06,-16.01553E-03
-110.00E-06,-17.96865E-03
-109.00E-06,-16.01553E-03
-108.00E-06,-16.01553E-03
-107.00E-06,-14.06240E-03
-106.00E-06,-19.92178E-03
-105.00E-06,-16.01553E-03
-104.00E-06,-14.06240E-03
-103.00E-06,-16.01553E-03
-102.00E-06,-17.96865E-03
-101.00E-06,-14.06240E-03
-100.00E-06,-12.10928E-03
-99.00E-06,-21.87490E-03
-98.00E-06,-14.06240E-03
-97.00E-06,-17.96865E-03
-96.00E-06,-17.96865E-03
-95.00E-06,-16.01553E-03
-94.00E-06,-23.82803E-03
-93.00E-06,-16.01553E-03
-92.00E-06,-14.06240E-03
-91.00E-06,-16.01553E-03
-90.00E-06,-21.87490E-03
-89.00E-06,-16.01553E-03
-88.00E-06,-16.01553E-03
-87.00E-06,-17.96865E-03
-86.00E-06,-19.92178E-03
-85.00E-06,-17.96865E-03
-84.00E-06,-16.01553E-03
-83.00E-06,-17.96865E-03
-82.00E-06,-25.78115E-03
-81.00E-06,-23.82803E-03
-80.00E-06,-2.34365E-03
-79.00E-06,-23.82803E-03
-78.00E-06,-16.01553E-03
-77.00E-06,-17.96865E-03
-76.00E-06,-14.06240E-03
-75.00E-06,-21.87490E-03
-74.00E-06,-17.96865E-03
-73.00E-06,-21.87490E-03
-72.00E-06,-17.96865E-03
-71.00E-06,-17.96865E-03
-70.00E-06,-21.87490E-03
-69.00E-06,-16.01553E-03
-68.00E-06,-19.92178E-03
-67.00E-06,-17.96865E-03
-66.00E-06,-19.92178E-03
-65.00E-06,-19.92178E-03
-64.00E-06,-19.92178E-03
-63.00E-06,-14.06240E-03
-62.00E-06,-23.82803E-03
-61.00E-06,-4.29678E-03
-60.00E-06,-27.73428E-03
-59.00E-06,-17.96865E-03
-58.00E-06,-17.96865E-03
-57.00E-06,-17.96865E-03
-56.00E-06,-17.96865E-03
-55.00E-06,-17.96865E-03
-54.00E-06,-17.96865E-03
-53.00E-06,-21.87490E-03
-52.00E-06,-17.96865E-03
-51.00E-06,-19.92178E-03
-50.00E-06,-19.92178E-03
-49.00E-06,-21.87490E-03
-48.00E-06,-17.96865E-03
-47.00E-06,-19.92178E-03
-46.00E-06,-19.92178E-03
-45.00E-06,-21.87490E-03
-44.00E-06,-21.87490E-03
-43.00E-06,-4.29678E-03
-42.00E-06,-23.82803E-03
-41.00E-06,-23.82803E-03
-40.00E-06,-17.96865E-03
-39.00E-06,-16.01553E-03
-38.00E-06,-17.96865E-03
-37.00E-06,-19.92178E-03
-36.00E-06,-17.96865E-03
-35.00E-06,-14.06240E-03
-34.00E-06,-19.92178E-03
-33.00E-06,-16.01553E-03
-32.00E-06,-19.92178E-03
-31.00E-06,-17.96865E-03
-30.00E-06,-21.87490E-03
-29.00E-06,-21.87490E-03
-28.00E-06,-19.92178E-03
-27.00E-06,-17.96865E-03
-26.00E-06,-17.96865E-03
-25.00E-06,-19.92178E-03
-24.00E-06,-16.01553E-03
-23.00E-06,-17.96865E-03
-22.00E-06,-21.87490E-03
-21.00E-06,-17.96865E-03
-20.00E-06,-21.87490E-03
-19.00E-06,-14.06240E-03
-18.00E-06,-17.96865E-03
-17.00E-06,-21.87490E-03
-16.00E-06,-19.92178E-03
-15.00E-06,-16.01553E-03
-14.00E-06,-17.96865E-03
-13.00E-06,-6.24990E-03
-12.00E-06,+34.76572E-03
-11.00E-06,+52.34385E-03
-10.00E-06,-2.34365E-03
-9.00E-06,-27.73428E-03
-8.00E-06,-25.78115E-03
-7.00E-06,-19.92178E-03
-6.00E-06,-23.82803E-03
-5.00E-06,-23.82803E-03
-4.00E-06,-23.82803E-03
-3.00E-06,+50.39072E-03
-2.00E-06,+331.64072E-03
-1.00E-06,+538.67197E-03
-0.0E+00,+3.71445322E+00
+1.00E-06,+3.10117197E+00
+2.00E-06,+2.79453135E+00
+3.00E-06,+2.35312510E+00
+4.00E-06,+2.04453135E+00
+5.00E-06,+1.71445322E+00
+6.00E-06,+1.44882822E+00
+7.00E-06,+1.19296885E+00
+8.00E-06,+1.07187510E+00
+9.00E-06,+911.71885E-03
+10.00E-06,+839.45322E-03
+11.00E-06,+775.00010E-03
+12.00E-06,+730.07822E-03
+13.00E-06,+704.68760E-03
+14.00E-06,+696.87510E-03
+15.00E-06,+692.96885E-03
+16.00E-06,+706.64072E-03
+17.00E-06,+720.31260E-03
+18.00E-06,+745.70322E-03
+19.00E-06,+775.00010E-03
+20.00E-06,+808.20322E-03
+21.00E-06,+843.35947E-03
+22.00E-06,+886.32822E-03
+23.00E-06,+927.34385E-03
+24.00E-06,+972.26572E-03
+25.00E-06,+1.01718760E+00
+26.00E-06,+1.06210947E+00
+27.00E-06,+1.11289072E+00
+28.00E-06,+1.15976572E+00
+29.00E-06,+1.21054697E+00
+30.00E-06,+1.26132822E+00
+31.00E-06,+1.30820322E+00
+32.00E-06,+1.35703135E+00
+33.00E-06,+1.40390635E+00
+34.00E-06,+1.44687510E+00
+35.00E-06,+1.50546885E+00
+36.00E-06,+1.54453135E+00
+37.00E-06,+1.58945322E+00
+38.00E-06,+1.63632822E+00
+39.00E-06,+1.68125010E+00
+40.00E-06,+1.72421885E+00
+41.00E-06,+1.76914072E+00
+42.00E-06,+1.81015635E+00
+43.00E-06,+1.85507822E+00
+44.00E-06,+1.89414072E+00
+45.00E-06,+1.93515635E+00
+46.00E-06,+1.97617197E+00
+47.00E-06,+2.01523447E+00
+48.00E-06,+2.05820322E+00
+49.00E-06,+2.09531260E+00
+50.00E-06,+2.13437510E+00
+51.00E-06,+2.17148447E+00
+52.00E-06,+2.20859385E+00
+53.00E-06,+2.24570322E+00
+54.00E-06,+2.28085947E+00
+55.00E-06,+2.31796885E+00
+56.00E-06,+2.35507822E+00
+57.00E-06,+2.39023447E+00
+58.00E-06,+2.42539072E+00
+59.00E-06,+2.46054697E+00
+60.00E-06,+2.49570322E+00
+61.00E-06,+2.53085947E+00
+62.00E-06,+2.56406260E+00
+63.00E-06,+2.59726572E+00
+64.00E-06,+2.63046885E+00
+65.00E-06,+2.66367197E+00
+66.00E-06,+2.69492197E+00
+67.00E-06,+2.72617197E+00
+68.00E-06,+2.75546885E+00
+69.00E-06,+2.78867197E+00
+70.00E-06,+2.80820322E+00
+71.00E-06,+2.84726572E+00
+72.00E-06,+2.86875010E+00
+73.00E-06,+2.90195322E+00
+74.00E-06,+2.92734385E+00
+75.00E-06,+2.95859385E+00
+76.00E-06,+2.97812510E+00
+77.00E-06,+3.01523447E+00
+78.00E-06,+3.04257822E+00
+79.00E-06,+3.06601572E+00
+80.00E-06,+3.09335947E+00
+81.00E-06,+3.11679697E+00
+82.00E-06,+3.14414072E+00
+83.00E-06,+3.16953135E+00
+84.00E-06,+3.19492197E+00
+85.00E-06,+3.22031260E+00
+86.00E-06,+3.24375010E+00
+87.00E-06,+3.27109385E+00
+88.00E-06,+3.29257822E+00
+89.00E-06,+3.31601572E+00
+90.00E-06,+3.33945322E+00
+91.00E-06,+3.35898447E+00
+92.00E-06,+3.37656260E+00
+93.00E-06,+3.41367197E+00
+94.00E-06,+3.42148447E+00
+95.00E-06,+3.44492197E+00
+96.00E-06,+3.46640635E+00
+97.00E-06,+3.48593760E+00
+98.00E-06,+3.50546885E+00
+99.00E-06,+3.52695322E+00
+100.00E-06,+3.54453135E+00
+101.00E-06,+3.56406260E+00
+102.00E-06,+3.58164072E+00
+103.00E-06,+3.60117197E+00
+104.00E-06,+3.62265635E+00
+105.00E-06,+3.63828135E+00
+106.00E-06,+3.65585947E+00
+107.00E-06,+3.67539072E+00
+108.00E-06,+3.69101572E+00
+109.00E-06,+3.70859385E+00
+110.00E-06,+3.72421885E+00
+111.00E-06,+3.74179697E+00
+112.00E-06,+3.75546885E+00
+113.00E-06,+3.77304697E+00
+114.00E-06,+3.78867197E+00
+115.00E-06,+3.80429697E+00
+116.00E-06,+3.81796885E+00
+117.00E-06,+3.83359385E+00
+118.00E-06,+3.84921885E+00
+119.00E-06,+3.86289072E+00
+120.00E-06,+3.87851572E+00
+121.00E-06,+3.89414072E+00
+122.00E-06,+3.90781260E+00
+123.00E-06,+3.92148447E+00
+124.00E-06,+3.93320322E+00
+125.00E-06,+3.94882822E+00
+126.00E-06,+3.96250010E+00
+127.00E-06,+3.97421885E+00
+128.00E-06,+3.98789072E+00
+129.00E-06,+3.99960947E+00
+130.00E-06,+4.01328135E+00
+131.00E-06,+4.02500010E+00
+132.00E-06,+4.03671885E+00
+133.00E-06,+4.05234385E+00
+134.00E-06,+4.06406260E+00
+135.00E-06,+4.07382822E+00
+136.00E-06,+4.08554697E+00
+137.00E-06,+4.09921885E+00
+138.00E-06,+4.10898447E+00
+139.00E-06,+4.12070322E+00
+140.00E-06,+4.13242197E+00
+141.00E-06,+4.14023447E+00
+142.00E-06,+4.07578135E+00
+143.00E-06,+4.03281260E+00
+144.00E-06,+4.05625010E+00
+145.00E-06,+4.04648447E+00
+146.00E-06,+4.09921885E+00
+147.00E-06,+4.09726572E+00
+148.00E-06,+4.11289072E+00
+149.00E-06,+4.12460947E+00
+150.00E-06,+4.14218760E+00
+151.00E-06,+4.15585947E+00
+152.00E-06,+4.16171885E+00
+153.00E-06,+4.17539072E+00
+154.00E-06,+4.18710947E+00
+155.00E-06,+4.19687510E+00
+156.00E-06,+4.21250010E+00
+157.00E-06,+4.21054697E+00
+158.00E-06,+4.23007822E+00
+159.00E-06,+4.23398447E+00
+160.00E-06,+4.24375010E+00
+161.00E-06,+4.24179697E+00
+162.00E-06,+4.25546885E+00
+163.00E-06,+4.26718760E+00
+164.00E-06,+4.27109385E+00
+165.00E-06,+4.27304697E+00
+166.00E-06,+4.28085947E+00
+167.00E-06,+4.28671885E+00
+168.00E-06,+4.29648447E+00
+169.00E-06,+4.29453135E+00
+170.00E-06,+4.30234385E+00
+171.00E-06,+4.30820322E+00
+172.00E-06,+4.31210947E+00
+173.00E-06,+4.31210947E+00
+174.00E-06,+4.31601572E+00
+175.00E-06,+4.32382822E+00
+176.00E-06,+4.32968760E+00
+177.00E-06,+4.32578135E+00
+178.00E-06,+4.33164072E+00
+179.00E-06,+4.33750010E+00
+180.00E-06,+4.33945322E+00
+181.00E-06,+4.34140635E+00
+182.00E-06,+4.34921885E+00
+183.00E-06,+4.34335947E+00
+184.00E-06,+4.34531260E+00
+185.00E-06,+4.35312510E+00
+186.00E-06,+4.35117197E+00
+187.00E-06,+4.35703135E+00
+188.00E-06,+4.36289072E+00
+189.00E-06,+4.35507822E+00
+190.00E-06,+4.36093760E+00
+191.00E-06,+4.36093760E+00
+192.00E-06,+4.36289072E+00
+193.00E-06,+4.36289072E+00
+194.00E-06,+4.36289072E+00
+195.00E-06,+4.36679697E+00
+196.00E-06,+4.37070322E+00
+197.00E-06,+4.37070322E+00
+198.00E-06,+4.36679697E+00
+199.00E-06,+4.37070322E+00
+200.00E-06,+4.37656260E+00
+201.00E-06,+4.37265635E+00
+202.00E-06,+4.37265635E+00
+203.00E-06,+4.37851572E+00
+204.00E-06,+4.37265635E+00
+205.00E-06,+4.37851572E+00
+206.00E-06,+4.38046885E+00
+207.00E-06,+4.36289072E+00
+208.00E-06,+4.38632822E+00
+209.00E-06,+4.38242197E+00
+210.00E-06,+4.37265635E+00
+211.00E-06,+4.38242197E+00
+212.00E-06,+4.38242197E+00
+213.00E-06,+4.37851572E+00
+214.00E-06,+4.37851572E+00
+215.00E-06,+4.37851572E+00
+216.00E-06,+4.38437510E+00
+217.00E-06,+4.38046885E+00
+218.00E-06,+4.37851572E+00
+219.00E-06,+4.38437510E+00
+220.00E-06,+4.38046885E+00
+221.00E-06,+4.38437510E+00
+222.00E-06,+4.38046885E+00
+223.00E-06,+4.38632822E+00
+224.00E-06,+4.38828135E+00
+225.00E-06,+4.38242197E+00
+226.00E-06,+4.38046885E+00
+227.00E-06,+4.38632822E+00
+228.00E-06,+4.38437510E+00
+229.00E-06,+4.38437510E+00
+230.00E-06,+4.38242197E+00
+231.00E-06,+4.38632822E+00
+232.00E-06,+4.38437510E+00
+233.00E-06,+4.38828135E+00
+234.00E-06,+4.38242197E+00
+235.00E-06,+4.38437510E+00
+236.00E-06,+4.38437510E+00
+237.00E-06,+4.38437510E+00
+238.00E-06,+4.38242197E+00
+239.00E-06,+4.37851572E+00
+240.00E-06,+4.38828135E+00
+241.00E-06,+4.38242197E+00
+242.00E-06,+4.38437510E+00
+243.00E-06,+4.38437510E+00
+244.00E-06,+4.38632822E+00
+245.00E-06,+4.38437510E+00
+246.00E-06,+4.38437510E+00
+247.00E-06,+4.38046885E+00
+248.00E-06,+4.38828135E+00
+249.00E-06,+4.38437510E+00
+250.00E-06,+4.38632822E+00
+251.00E-06,+4.38242197E+00
+252.00E-06,+4.38828135E+00
+253.00E-06,+4.38437510E+00
+254.00E-06,+4.38046885E+00
+255.00E-06,+4.38242197E+00
+256.00E-06,+4.38437510E+00
+257.00E-06,+4.38632822E+00
+258.00E-06,+4.38242197E+00
+259.00E-06,+4.38242197E+00
+260.00E-06,+4.38437510E+00
+261.00E-06,+4.38242197E+00
+262.00E-06,+4.38242197E+00
+263.00E-06,+4.38242197E+00
+264.00E-06,+4.37851572E+00
+265.00E-06,+4.39218760E+00
+266.00E-06,+4.37851572E+00
+267.00E-06,+4.38046885E+00
+268.00E-06,+4.38632822E+00
+269.00E-06,+4.38242197E+00
+270.00E-06,+4.38437510E+00
+271.00E-06,+4.38046885E+00
+272.00E-06,+4.38242197E+00
+273.00E-06,+4.38437510E+00
+274.00E-06,+4.38046885E+00
+275.00E-06,+4.38046885E+00
+276.00E-06,+4.38242197E+00
+277.00E-06,+4.38437510E+00
+278.00E-06,+4.38046885E+00
+279.00E-06,+4.37851572E+00
+280.00E-06,+4.38242197E+00
+281.00E-06,+4.38242197E+00
+282.00E-06,+4.37656260E+00
+283.00E-06,+4.37851572E+00
+284.00E-06,+4.38632822E+00
+285.00E-06,+4.38242197E+00
+286.00E-06,+4.38242197E+00
+287.00E-06,+4.38046885E+00
+288.00E-06,+4.38046885E+00
+289.00E-06,+4.38242197E+00
+290.00E-06,+4.38046885E+00
+291.00E-06,+4.37656260E+00
+292.00E-06,+4.38242197E+00
+293.00E-06,+4.38242197E+00
+294.00E-06,+4.38046885E+00
+295.00E-06,+4.37851572E+00
+296.00E-06,+4.37851572E+00
+297.00E-06,+4.38046885E+00
+298.00E-06,+4.38046885E+00
+299.00E-06,+4.37460947E+00
+300.00E-06,+4.38046885E+00
+301.00E-06,+4.37851572E+00
+302.00E-06,+4.37851572E+00
+303.00E-06,+4.37656260E+00
+304.00E-06,+4.37656260E+00
+305.00E-06,+4.38437510E+00
+306.00E-06,+4.37851572E+00
+307.00E-06,+4.37656260E+00
+308.00E-06,+4.37851572E+00
+309.00E-06,+4.37851572E+00
+310.00E-06,+4.37656260E+00
+311.00E-06,+4.37851572E+00
+312.00E-06,+4.37656260E+00
+313.00E-06,+4.37851572E+00
+314.00E-06,+4.37656260E+00
+315.00E-06,+4.37656260E+00
+316.00E-06,+4.37460947E+00
+317.00E-06,+4.38046885E+00
+318.00E-06,+4.37656260E+00
+319.00E-06,+4.37656260E+00
+320.00E-06,+4.37460947E+00
+321.00E-06,+4.37656260E+00
+322.00E-06,+4.38046885E+00
+323.00E-06,+4.37265635E+00
+324.00E-06,+4.37265635E+00
+325.00E-06,+4.37851572E+00
+326.00E-06,+4.37656260E+00
+327.00E-06,+4.37265635E+00
+328.00E-06,+4.37265635E+00
+329.00E-06,+4.37851572E+00
+330.00E-06,+4.37656260E+00
+331.00E-06,+4.37851572E+00
+332.00E-06,+4.37070322E+00
+333.00E-06,+4.37265635E+00
+334.00E-06,+4.38046885E+00
+335.00E-06,+4.37265635E+00
+336.00E-06,+4.37265635E+00
+337.00E-06,+4.37460947E+00
+338.00E-06,+4.37656260E+00
+339.00E-06,+4.37265635E+00
+340.00E-06,+4.37265635E+00
+341.00E-06,+4.37460947E+00
+342.00E-06,+4.37656260E+00
+343.00E-06,+4.37265635E+00
+344.00E-06,+4.37265635E+00
+345.00E-06,+4.37460947E+00
+346.00E-06,+4.37656260E+00
+347.00E-06,+4.37265635E+00
+348.00E-06,+4.37265635E+00
+349.00E-06,+4.37460947E+00
+350.00E-06,+4.37460947E+00
+351.00E-06,+4.38046885E+00
+352.00E-06,+4.36679697E+00
+353.00E-06,+4.37070322E+00
+354.00E-06,+4.37265635E+00
+355.00E-06,+4.37265635E+00
+356.00E-06,+4.36875010E+00
+357.00E-06,+4.37460947E+00
+358.00E-06,+4.37460947E+00
+359.00E-06,+4.37265635E+00
+360.00E-06,+4.37070322E+00
+361.00E-06,+4.37070322E+00
+362.00E-06,+4.37070322E+00
+363.00E-06,+4.37265635E+00
+364.00E-06,+4.37070322E+00
+365.00E-06,+4.37460947E+00
+366.00E-06,+4.37265635E+00
+367.00E-06,+4.75937510E+00
+368.00E-06,+4.79648447E+00
+369.00E-06,+4.71445322E+00
+370.00E-06,+4.65976572E+00
+371.00E-06,+4.60507822E+00
+372.00E-06,+4.57382822E+00
+373.00E-06,+4.54257822E+00
+374.00E-06,+4.51718760E+00
+375.00E-06,+4.49765635E+00
+376.00E-06,+4.48203135E+00
+377.00E-06,+4.47031260E+00
+378.00E-06,+4.46250010E+00
+379.00E-06,+4.46250010E+00
+380.00E-06,+4.45078135E+00
+381.00E-06,+4.44687510E+00
+382.00E-06,+4.45664072E+00
+383.00E-06,+4.45078135E+00
+384.00E-06,+4.45468760E+00
+385.00E-06,+4.45664072E+00
+386.00E-06,+4.46054697E+00
+387.00E-06,+4.46445322E+00
+388.00E-06,+4.47031260E+00
+389.00E-06,+4.47421885E+00
+390.00E-06,+4.47812510E+00
+391.00E-06,+4.48203135E+00
+392.00E-06,+4.48789072E+00
+393.00E-06,+4.49179697E+00
+394.00E-06,+4.49765635E+00
+395.00E-06,+4.50351572E+00
+396.00E-06,+4.50937510E+00
+397.00E-06,+4.51523447E+00
+398.00E-06,+4.52109385E+00
+399.00E-06,+4.52500010E+00
+400.00E-06,+4.53085947E+00
+401.00E-06,+4.53671885E+00
+402.00E-06,+4.54062510E+00
+403.00E-06,+4.54648447E+00
+404.00E-06,+4.55234385E+00
+405.00E-06,+4.55625010E+00
+406.00E-06,+4.56210947E+00
+407.00E-06,+4.56796885E+00
+408.00E-06,+4.57187510E+00
+409.00E-06,+4.57578135E+00
+410.00E-06,+4.58359385E+00
+411.00E-06,+4.58359385E+00
+412.00E-06,+4.59335947E+00
+413.00E-06,+4.59531260E+00
+414.00E-06,+4.60117197E+00
+415.00E-06,+4.60507822E+00
+416.00E-06,+4.60898447E+00
+417.00E-06,+4.61289072E+00
+418.00E-06,+4.61875010E+00
+419.00E-06,+4.62460947E+00
+420.00E-06,+4.62265635E+00
+421.00E-06,+4.62851572E+00
+422.00E-06,+4.63242197E+00
+423.00E-06,+4.63828135E+00
+424.00E-06,+4.64023447E+00
+425.00E-06,+4.64609385E+00
+426.00E-06,+4.65000010E+00
+427.00E-06,+4.65390635E+00
+428.00E-06,+4.65585947E+00
+429.00E-06,+4.66171885E+00
+430.00E-06,+4.66367197E+00
+431.00E-06,+4.66757822E+00
+432.00E-06,+4.67148447E+00
+433.00E-06,+4.67539072E+00
+434.00E-06,+4.67734385E+00
+435.00E-06,+4.68125010E+00
+436.00E-06,+4.68320322E+00
+437.00E-06,+4.68906260E+00
+438.00E-06,+4.69101572E+00
+439.00E-06,+4.69101572E+00
+440.00E-06,+4.69882822E+00
+441.00E-06,+4.70273447E+00
+442.00E-06,+4.70468760E+00
+443.00E-06,+4.70664072E+00
+444.00E-06,+4.71054697E+00
+445.00E-06,+4.71250010E+00
+446.00E-06,+4.71640635E+00
+447.00E-06,+4.71835947E+00
+448.00E-06,+4.72031260E+00
+449.00E-06,+4.72421885E+00
+450.00E-06,+4.72617197E+00
+451.00E-06,+4.72812510E+00
+452.00E-06,+4.73203135E+00
+453.00E-06,+4.73398447E+00
+454.00E-06,+4.73593760E+00
+455.00E-06,+4.73789072E+00
+456.00E-06,+4.74375010E+00
+457.00E-06,+4.74375010E+00
+458.00E-06,+4.74765635E+00
+459.00E-06,+4.74960947E+00
+460.00E-06,+4.75156260E+00
+461.00E-06,+4.75351572E+00
+462.00E-06,+4.75742197E+00
+463.00E-06,+4.75742197E+00
+464.00E-06,+4.76132822E+00
+465.00E-06,+4.76523447E+00
+466.00E-06,+4.75742197E+00
+467.00E-06,+4.77500010E+00
+468.00E-06,+4.76718760E+00
+469.00E-06,+4.76914072E+00
+470.00E-06,+4.77304697E+00
+471.00E-06,+4.77500010E+00
+472.00E-06,+4.77695322E+00
+473.00E-06,+4.77890635E+00
+474.00E-06,+4.78085947E+00
+475.00E-06,+4.78281260E+00
+476.00E-06,+4.78671885E+00
+477.00E-06,+4.78671885E+00
+478.00E-06,+4.78867197E+00
+479.00E-06,+4.79062510E+00
+480.00E-06,+4.79062510E+00
+481.00E-06,+4.79453135E+00
+482.00E-06,+4.79648447E+00
+483.00E-06,+4.79843760E+00
+484.00E-06,+4.80039072E+00
+485.00E-06,+4.80234385E+00
+486.00E-06,+4.80234385E+00
+487.00E-06,+4.80429697E+00
+488.00E-06,+4.80039072E+00
+489.00E-06,+4.81992197E+00
+490.00E-06,+4.81015635E+00
+491.00E-06,+4.81210947E+00
+492.00E-06,+4.81210947E+00
+493.00E-06,+4.81406260E+00
+494.00E-06,+4.81210947E+00
+495.00E-06,+4.81601572E+00
+496.00E-06,+4.83164072E+00
+497.00E-06,+4.81406260E+00
+498.00E-06,+4.82578135E+00
+499.00E-06,+4.82382822E+00
+500.00E-06,+4.82578135E+00
+501.00E-06,+4.82773447E+00
+502.00E-06,+4.82773447E+00
+503.00E-06,+4.82968760E+00
+504.00E-06,+4.82968760E+00
+505.00E-06,+4.82968760E+00
+506.00E-06,+4.83164072E+00
+507.00E-06,+4.83359385E+00
+508.00E-06,+4.83554697E+00
+509.00E-06,+4.83554697E+00
+510.00E-06,+4.83750010E+00
+511.00E-06,+4.83945322E+00
+512.00E-06,+4.83945322E+00
+513.00E-06,+4.84140635E+00
+514.00E-06,+4.84140635E+00
+515.00E-06,+4.84335947E+00
+516.00E-06,+4.84335947E+00
+517.00E-06,+4.84726572E+00
+518.00E-06,+4.84726572E+00
+519.00E-06,+4.84921885E+00
+520.00E-06,+4.84921885E+00
+521.00E-06,+4.84921885E+00
+522.00E-06,+4.84921885E+00
+523.00E-06,+4.85703135E+00
+524.00E-06,+4.85117197E+00
+525.00E-06,+4.85703135E+00
+526.00E-06,+4.85507822E+00
+527.00E-06,+4.85703135E+00
+528.00E-06,+4.85703135E+00
+529.00E-06,+4.86093760E+00
+530.00E-06,+4.85898447E+00
+531.00E-06,+4.86093760E+00
+532.00E-06,+4.86093760E+00
+533.00E-06,+4.86093760E+00
+534.00E-06,+4.85898447E+00
+535.00E-06,+4.85117197E+00
+536.00E-06,+4.85703135E+00
+537.00E-06,+4.85703135E+00
+538.00E-06,+4.86093760E+00
+539.00E-06,+4.85703135E+00
+540.00E-06,+4.86289072E+00
+541.00E-06,+4.86093760E+00
+542.00E-06,+4.85898447E+00
+543.00E-06,+4.86289072E+00
+544.00E-06,+4.86484385E+00
+545.00E-06,+4.86679697E+00
+546.00E-06,+4.86289072E+00
+547.00E-06,+4.86093760E+00
+548.00E-06,+4.86679697E+00
+549.00E-06,+4.86875010E+00
+550.00E-06,+4.86875010E+00
+551.00E-06,+4.86679697E+00
+552.00E-06,+4.87460947E+00
+553.00E-06,+4.85703135E+00
+554.00E-06,+4.88046885E+00
+555.00E-06,+4.87265635E+00
+556.00E-06,+4.87265635E+00
+557.00E-06,+4.87460947E+00
+558.00E-06,+4.87070322E+00
+559.00E-06,+4.87265635E+00
+560.00E-06,+4.88242197E+00
+561.00E-06,+4.87656260E+00
+562.00E-06,+4.87265635E+00
+563.00E-06,+4.87460947E+00
+564.00E-06,+4.87265635E+00
+565.00E-06,+4.87851572E+00
+566.00E-06,+4.87265635E+00
+567.00E-06,+4.87460947E+00
+568.00E-06,+4.87460947E+00
+569.00E-06,+4.87656260E+00
+570.00E-06,+4.87656260E+00
+571.00E-06,+4.87656260E+00
+572.00E-06,+4.87460947E+00
+573.00E-06,+4.88046885E+00
+574.00E-06,+4.87460947E+00
+575.00E-06,+4.87460947E+00
+576.00E-06,+4.87851572E+00
+577.00E-06,+4.88046885E+00
+578.00E-06,+4.88046885E+00
+579.00E-06,+4.87265635E+00
+580.00E-06,+4.88046885E+00
+581.00E-06,+4.88046885E+00
+582.00E-06,+4.87851572E+00
+583.00E-06,+4.87460947E+00
+584.00E-06,+4.88046885E+00
+585.00E-06,+4.88242197E+00
+586.00E-06,+4.88046885E+00
+587.00E-06,+4.87265635E+00
+588.00E-06,+4.87851572E+00
+589.00E-06,+4.87851572E+00
+590.00E-06,+4.87656260E+00
+591.00E-06,+4.88046885E+00
+592.00E-06,+4.87851572E+00
+593.00E-06,+4.88437510E+00
+594.00E-06,+4.87656260E+00
+595.00E-06,+4.87656260E+00
+596.00E-06,+4.87851572E+00
+597.00E-06,+4.88046885E+00
+598.00E-06,+4.88046885E+00
+599.00E-06,+4.87265635E+00
+600.00E-06,+4.88242197E+00
+601.00E-06,+4.87851572E+00
+602.00E-06,+4.87851572E+00
+603.00E-06,+4.87460947E+00
+604.00E-06,+4.87851572E+00
+605.00E-06,+4.88046885E+00
+606.00E-06,+4.87851572E+00
+607.00E-06,+4.87656260E+00
+608.00E-06,+4.87851572E+00
+609.00E-06,+4.87851572E+00
+610.00E-06,+4.88242197E+00
+611.00E-06,+4.86289072E+00
+612.00E-06,+4.88828135E+00
+613.00E-06,+4.88242197E+00
+614.00E-06,+4.87656260E+00
+615.00E-06,+4.87656260E+00
+616.00E-06,+4.87851572E+00
+617.00E-06,+4.87851572E+00
+618.00E-06,+4.88242197E+00
+619.00E-06,+4.87656260E+00
+620.00E-06,+4.87460947E+00
+621.00E-06,+4.87851572E+00
+622.00E-06,+4.87851572E+00
+623.00E-06,+4.87851572E+00
+624.00E-06,+4.87656260E+00
+625.00E-06,+4.88046885E+00
+626.00E-06,+4.87851572E+00
+627.00E-06,+4.87070322E+00
+628.00E-06,+4.87851572E+00
+629.00E-06,+4.88046885E+00
+630.00E-06,+4.88046885E+00
+631.00E-06,+4.87851572E+00
+632.00E-06,+4.87656260E+00
+633.00E-06,+4.87460947E+00
+634.00E-06,+4.88046885E+00
+635.00E-06,+4.87460947E+00
+636.00E-06,+4.87656260E+00
+637.00E-06,+4.87656260E+00
+638.00E-06,+4.88046885E+00
+639.00E-06,+4.87265635E+00
+640.00E-06,+4.87460947E+00
+641.00E-06,+4.87656260E+00
+642.00E-06,+4.88046885E+00
+643.00E-06,+4.87460947E+00
+644.00E-06,+4.87851572E+00
+645.00E-06,+4.87851572E+00
+646.00E-06,+4.88242197E+00
+647.00E-06,+4.87460947E+00
+648.00E-06,+4.87656260E+00
+649.00E-06,+4.87656260E+00
+650.00E-06,+4.88046885E+00
+651.00E-06,+4.87460947E+00
+652.00E-06,+4.87460947E+00
+653.00E-06,+4.87656260E+00
+654.00E-06,+4.87851572E+00
+655.00E-06,+4.87460947E+00
+656.00E-06,+4.87265635E+00
+657.00E-06,+4.87656260E+00
+658.00E-06,+4.88046885E+00
+659.00E-06,+4.87656260E+00
+660.00E-06,+4.87851572E+00
+661.00E-06,+4.87460947E+00
+662.00E-06,+4.87851572E+00
+663.00E-06,+4.87656260E+00
+664.00E-06,+4.87070322E+00
+665.00E-06,+4.88046885E+00
+666.00E-06,+4.87656260E+00
+667.00E-06,+4.87656260E+00
+668.00E-06,+4.87656260E+00
+669.00E-06,+4.86484385E+00
+670.00E-06,+4.88828135E+00
+671.00E-06,+4.87460947E+00
+672.00E-06,+4.87265635E+00
+673.00E-06,+4.87460947E+00
+674.00E-06,+4.87460947E+00
+675.00E-06,+4.87265635E+00
+676.00E-06,+4.87070322E+00
+677.00E-06,+4.87656260E+00
+678.00E-06,+4.87460947E+00
+679.00E-06,+4.87656260E+00
+680.00E-06,+4.87070322E+00
+681.00E-06,+4.87460947E+00
+682.00E-06,+4.87851572E+00
+683.00E-06,+4.87265635E+00
+684.00E-06,+4.87460947E+00
+685.00E-06,+4.87460947E+00
+686.00E-06,+4.87656260E+00
+687.00E-06,+4.87460947E+00
+688.00E-06,+4.87265635E+00
+689.00E-06,+4.87460947E+00
+690.00E-06,+4.87656260E+00
+691.00E-06,+4.87460947E+00
+692.00E-06,+4.86093760E+00
+693.00E-06,+4.88437510E+00
+694.00E-06,+4.87656260E+00
+695.00E-06,+4.88828135E+00
+696.00E-06,+4.84335947E+00
+697.00E-06,+4.89023447E+00
+698.00E-06,+4.87460947E+00
+699.00E-06,+4.87460947E+00
+700.00E-06,+4.87070322E+00
+701.00E-06,+4.87265635E+00
+702.00E-06,+4.87460947E+00
+703.00E-06,+4.87265635E+00
+704.00E-06,+4.87460947E+00
+705.00E-06,+4.87070322E+00
+706.00E-06,+4.87656260E+00
+707.00E-06,+4.87460947E+00
+708.00E-06,+4.87070322E+00
+709.00E-06,+4.87460947E+00
+710.00E-06,+4.87460947E+00
+711.00E-06,+4.87656260E+00
+712.00E-06,+4.87070322E+00
+713.00E-06,+4.87070322E+00
+714.00E-06,+4.87460947E+00
+715.00E-06,+4.87656260E+00
+716.00E-06,+4.86875010E+00
+717.00E-06,+4.86875010E+00
+718.00E-06,+4.87265635E+00
+719.00E-06,+4.87460947E+00
+720.00E-06,+4.87070322E+00
+721.00E-06,+4.87070322E+00
+722.00E-06,+4.87265635E+00
+723.00E-06,+4.87265635E+00
+724.00E-06,+4.87265635E+00
+725.00E-06,+4.87070322E+00
+726.00E-06,+4.87656260E+00
+727.00E-06,+4.87265635E+00
+728.00E-06,+4.87265635E+00
+729.00E-06,+4.87070322E+00
+730.00E-06,+4.87265635E+00
+731.00E-06,+4.87460947E+00
+732.00E-06,+4.86875010E+00
+733.00E-06,+4.86875010E+00
+734.00E-06,+4.87265635E+00
+735.00E-06,+4.87265635E+00
+736.00E-06,+4.87265635E+00
+737.00E-06,+4.86679697E+00
+738.00E-06,+4.87070322E+00
+739.00E-06,+4.87265635E+00
+740.00E-06,+4.87070322E+00
+741.00E-06,+4.87070322E+00
+742.00E-06,+4.86875010E+00
+743.00E-06,+4.87070322E+00
+744.00E-06,+4.87070322E+00
+745.00E-06,+4.86875010E+00
+746.00E-06,+4.86875010E+00
+747.00E-06,+4.87460947E+00
+748.00E-06,+4.87070322E+00
+749.00E-06,+4.87265635E+00
+750.00E-06,+4.87070322E+00
+751.00E-06,+4.86875010E+00
+752.00E-06,+4.86875010E+00
+753.00E-06,+4.87265635E+00
+754.00E-06,+4.86875010E+00
+755.00E-06,+4.87265635E+00
+756.00E-06,+4.87070322E+00
+757.00E-06,+4.87265635E+00
+758.00E-06,+4.86875010E+00
+759.00E-06,+4.87070322E+00
+760.00E-06,+4.87070322E+00
+761.00E-06,+4.86679697E+00
+762.00E-06,+4.87265635E+00
+763.00E-06,+4.86875010E+00
+764.00E-06,+4.88632822E+00
+765.00E-06,+4.83945322E+00
+766.00E-06,+4.88437510E+00
+767.00E-06,+4.87265635E+00
+768.00E-06,+4.87070322E+00
+769.00E-06,+4.86875010E+00
+770.00E-06,+4.86875010E+00
+771.00E-06,+4.87265635E+00
+772.00E-06,+4.87070322E+00
+773.00E-06,+4.86679697E+00
+774.00E-06,+4.86679697E+00
+775.00E-06,+4.87070322E+00
+776.00E-06,+4.86875010E+00
+777.00E-06,+4.86875010E+00
+778.00E-06,+4.86679697E+00
+779.00E-06,+4.87070322E+00
+780.00E-06,+4.86875010E+00
+781.00E-06,+4.86679697E+00
+782.00E-06,+4.86679697E+00
+783.00E-06,+4.87265635E+00
+784.00E-06,+4.87070322E+00
+785.00E-06,+4.86679697E+00
+786.00E-06,+4.87070322E+00
+787.00E-06,+4.86679697E+00
+788.00E-06,+4.87265635E+00
+789.00E-06,+4.86679697E+00
+790.00E-06,+4.86875010E+00
+791.00E-06,+4.86679697E+00
+792.00E-06,+4.86875010E+00
+793.00E-06,+4.87265635E+00
+794.00E-06,+4.86679697E+00
+795.00E-06,+4.86679697E+00
+796.00E-06,+4.87070322E+00
+797.00E-06,+4.86679697E+00
+798.00E-06,+4.86875010E+00
+799.00E-06,+4.92148447E+00
+800.00E-06,+4.92343760E+00
+801.00E-06,+4.91171885E+00
+802.00E-06,+4.90390635E+00
+803.00E-06,+4.89804697E+00
+804.00E-06,+4.89414072E+00
+805.00E-06,+4.89414072E+00
+806.00E-06,+4.88242197E+00
+807.00E-06,+4.88242197E+00
+808.00E-06,+4.88242197E+00
+809.00E-06,+4.88046885E+00
+810.00E-06,+4.88046885E+00
+811.00E-06,+4.88046885E+00
+812.00E-06,+4.87851572E+00
+813.00E-06,+4.87851572E+00
+814.00E-06,+4.87656260E+00
+815.00E-06,+4.87851572E+00
+816.00E-06,+4.87851572E+00
+817.00E-06,+4.87851572E+00
+818.00E-06,+4.87851572E+00
+819.00E-06,+4.88046885E+00
+820.00E-06,+4.88046885E+00
+821.00E-06,+4.88046885E+00
+822.00E-06,+4.88242197E+00
+823.00E-06,+4.88242197E+00
+824.00E-06,+4.88242197E+00
+825.00E-06,+4.88437510E+00
+826.00E-06,+4.88437510E+00
+827.00E-06,+4.88437510E+00
+828.00E-06,+4.88437510E+00
+829.00E-06,+4.88632822E+00
+830.00E-06,+4.88632822E+00
+831.00E-06,+4.88828135E+00
+832.00E-06,+4.88828135E+00
+833.00E-06,+4.89023447E+00
+834.00E-06,+4.89609385E+00
+835.00E-06,+4.88242197E+00
+836.00E-06,+4.89023447E+00
+837.00E-06,+4.89218760E+00
+838.00E-06,+4.89023447E+00
+839.00E-06,+4.89023447E+00
+840.00E-06,+4.88828135E+00
+841.00E-06,+4.90585947E+00
+842.00E-06,+4.88632822E+00
+843.00E-06,+4.89414072E+00
+844.00E-06,+4.89609385E+00
+845.00E-06,+4.89804697E+00
+846.00E-06,+4.89609385E+00
+847.00E-06,+4.89804697E+00
+848.00E-06,+4.89804697E+00
+849.00E-06,+4.89804697E+00
+850.00E-06,+4.89804697E+00
+851.00E-06,+4.89804697E+00
+852.00E-06,+4.90000010E+00
+853.00E-06,+4.90195322E+00
+854.00E-06,+4.90195322E+00
+855.00E-06,+4.90195322E+00
+856.00E-06,+4.90195322E+00
+857.00E-06,+4.90390635E+00
+858.00E-06,+4.90390635E+00
+859.00E-06,+4.90390635E+00
+860.00E-06,+4.90390635E+00
+861.00E-06,+4.90390635E+00
+862.00E-06,+4.90585947E+00
+863.00E-06,+4.90585947E+00
+864.00E-06,+4.90585947E+00
+865.00E-06,+4.90781260E+00
+866.00E-06,
